content_partner,primary_collection,items_total,usage,count,usage_total
95bFM,95bFM,9822,All rights reserved,9822,9822
95bFM,95bFM YouTube,709,All rights reserved,709,709
AgEcon Search,AgEcon Search,1527,All rights reserved,1527,1527
Air Force Museum of New Zealand,Air Force Museum of New Zealand Photograph Collection,16608,Share,16589,16608
Air Force Museum of New Zealand,Air Force Museum of New Zealand Photograph Collection,16608,Modify,16572,16608
Air Force Museum of New Zealand,Air Force Museum of New Zealand Photograph Collection,16608,Use commercially,4144,16608
Air Force Museum of New Zealand,Air Force Museum of New Zealand Photograph Collection,16608,All rights reserved,19,16608
Alexander Turnbull Library,Alexander Turnbull Library Flickr,4307,Modify,4307,4307
Alexander Turnbull Library,Alexander Turnbull Library Flickr,4307,Share,4307,4307
Alexander Turnbull Library,Alexander Turnbull Library Flickr,4307,Use commercially,4307,4307
Alexander Turnbull Library,TAPUHI,333206,Unknown,212912,329490
Alexander Turnbull Library,TAPUHI,333206,All rights reserved,63843,329490
Alexander Turnbull Library,TAPUHI,333206,Modify,52735,329490
Alexander Turnbull Library,TAPUHI,333206,Share,52735,329490
Alexander Turnbull Library,TAPUHI,333206,Use commercially,52735,329490
Alexander Turnbull Library,Te Ao Hou,7066,All rights reserved,7066,7066
Alexander Turnbull Library,Transactions and Proceedings of the Royal Society of New Zealand 1868-1961,37625,All rights reserved,4200,4200
Amuri Historical Society,Amuri Historical Society NZMuseums,8,All rights reserved,8,8
Antarctica New Zealand,Antarctica NZ Digital Asset Manager,55348,Share,42887,55348
Antarctica New Zealand,Antarctica NZ Digital Asset Manager,55348,All rights reserved,12461,55348
Antarctica New Zealand,Antarctica NZ Digital Asset Manager,55348,Use commercially,1394,55348
Antarctica New Zealand,Antarctica NZ Digital Asset Manager,55348,Modify,1364,55348
Aotearoa People's Network Kaharoa,Aotearoa People's Network Kaharoa Flickr,2641,Modify,2523,2641
Aotearoa People's Network Kaharoa,Aotearoa People's Network Kaharoa Flickr,2641,Share,2523,2641
Aotearoa People's Network Kaharoa,Aotearoa People's Network Kaharoa Flickr,2641,All rights reserved,118,2641
Ara Institute of Canterbury,Ara Institute of Canterbury Repository,292,All rights reserved,292,292
Archives Central,Archives Central,7113,Unknown,7060,7113
Archives Central,Archives Central,7113,Share,51,7113
Archives Central,Archives Central,7113,Modify,50,7113
Archives Central,Archives Central,7113,Use commercially,22,7113
Archives Central,Archives Central,7113,All rights reserved,2,7113
Archives New Zealand Te Rua Mahara o te Kāwanatanga,Archives New Zealand Audio Visual Wiki,6,All rights reserved,6,6
Archives New Zealand Te Rua Mahara o te Kāwanatanga,Archives New Zealand Historical Film Footage,47,Modify,47,47
Archives New Zealand Te Rua Mahara o te Kāwanatanga,Archives New Zealand Historical Film Footage,47,Share,47,47
Archives New Zealand Te Rua Mahara o te Kāwanatanga,Archives New Zealand Historical Film Footage,47,Use commercially,47,47
Archives New Zealand Te Rua Mahara o te Kāwanatanga,Archives New Zealand Te Rua Mahara o te Kāwanatanga,13,All rights reserved,13,13
Archives New Zealand Te Rua Mahara o te Kāwanatanga,Archives New Zealand Te Rua Mahara o te Kāwanatanga Flickr,4914,Share,4914,4914
Archives New Zealand Te Rua Mahara o te Kāwanatanga,Archives New Zealand Te Rua Mahara o te Kāwanatanga Flickr,4914,Modify,4899,4914
Archives New Zealand Te Rua Mahara o te Kāwanatanga,Archives New Zealand Te Rua Mahara o te Kāwanatanga Flickr,4914,Use commercially,4899,4914
Archives New Zealand Te Rua Mahara o te Kāwanatanga,Archives New Zealand YouTube,592,Modify,577,592
Archives New Zealand Te Rua Mahara o te Kāwanatanga,Archives New Zealand YouTube,592,Share,577,592
Archives New Zealand Te Rua Mahara o te Kāwanatanga,Archives New Zealand YouTube,592,Use commercially,577,592
Archives New Zealand Te Rua Mahara o te Kāwanatanga,Archives New Zealand YouTube,592,All rights reserved,15,592
Archives New Zealand Te Rua Mahara o te Kāwanatanga,Archway,140914,Modify,140914,140914
Archives New Zealand Te Rua Mahara o te Kāwanatanga,Archway,140914,Share,140914,140914
Archives New Zealand Te Rua Mahara o te Kāwanatanga,Shared Repository,2,Modify,2,2
Archives New Zealand Te Rua Mahara o te Kāwanatanga,Shared Repository,2,Share,2,2
Archives New Zealand Te Rua Mahara o te Kāwanatanga,Shared Repository,2,Use commercially,2,2
Archives New Zealand Te Rua Mahara o te Kāwanatanga,War Art Online,1477,Modify,1477,1477
Archives New Zealand Te Rua Mahara o te Kāwanatanga,War Art Online,1477,Share,1477,1477
Archives New Zealand Te Rua Mahara o te Kāwanatanga,War Art Online,1477,Use commercially,1477,1477
AttitudeLive,AttitudeLive YouTube,1477,All rights reserved,1475,1475
Auckland Art Gallery Toi o Tāmaki,Auckland Art Gallery Toi o Tāmaki,17251,Modify,8935,17249
Auckland Art Gallery Toi o Tāmaki,Auckland Art Gallery Toi o Tāmaki,17251,Share,8935,17249
Auckland Art Gallery Toi o Tāmaki,Auckland Art Gallery Toi o Tāmaki,17251,Use commercially,8935,17249
Auckland Art Gallery Toi o Tāmaki,Auckland Art Gallery Toi o Tāmaki,17251,All rights reserved,7992,17249
Auckland Art Gallery Toi o Tāmaki,Auckland Art Gallery Toi o Tāmaki,17251,Unknown,322,17249
Auckland Art Gallery Toi o Tāmaki,Auckland Art Gallery Toi o Tāmaki YouTube,251,All rights reserved,251,251
Auckland Council Archives,Auckland Council Archives Document and Image Gallery,21,All rights reserved,21,21
Auckland Libraries,Auckland Libraries Heritage Images Collection,270234,Modify,208633,270234
Auckland Libraries,Auckland Libraries Heritage Images Collection,270234,Share,208633,270234
Auckland Libraries,Auckland Libraries Heritage Images Collection,270234,Use commercially,208633,270234
Auckland Libraries,Auckland Libraries Heritage Images Collection,270234,All rights reserved,61083,270234
Auckland Libraries,Auckland Libraries Heritage Images Collection,270234,Unknown,518,270234
Auckland Libraries,Auckland Libraries Manuscripts Collection,7936,All rights reserved,7936,7936
Auckland Libraries,Kura Heritage Collections Online,109816,Modify,57473,64650
Auckland Libraries,Kura Heritage Collections Online,109816,Share,57473,64650
Auckland Libraries,Kura Heritage Collections Online,109816,Use commercially,55097,64650
Auckland Libraries,Kura Heritage Collections Online,109816,All rights reserved,7177,64650
Auckland University of Technology,Tuwhera,7686,All rights reserved,7085,7686
Auckland University of Technology,Tuwhera,7686,Share,601,7686
Auckland University of Technology,Tuwhera,7686,Modify,547,7686
Auckland University of Technology,Tuwhera,7686,Use commercially,428,7686
Auckland War Memorial Museum Tāmaki Paenga Hira,Auckland Museum Collections,248155,Modify,138094,248155
Auckland War Memorial Museum Tāmaki Paenga Hira,Auckland Museum Collections,248155,Share,138094,248155
Auckland War Memorial Museum Tāmaki Paenga Hira,Auckland Museum Collections,248155,Use commercially,137850,248155
Auckland War Memorial Museum Tāmaki Paenga Hira,Auckland Museum Collections,248155,All rights reserved,110061,248155
Auckland War Memorial Museum Tāmaki Paenga Hira,Auckland War Memorial Museum Tāmaki Paenga Hira Flickr,756,All rights reserved,756,756
Auckland War Memorial Museum Tāmaki Paenga Hira,Auckland War Memorial Museum Tāmaki Paenga Hira YouTube,623,All rights reserved,618,623
Auckland War Memorial Museum Tāmaki Paenga Hira,Auckland War Memorial Museum Tāmaki Paenga Hira YouTube,623,Modify,5,623
Auckland War Memorial Museum Tāmaki Paenga Hira,Auckland War Memorial Museum Tāmaki Paenga Hira YouTube,623,Share,5,623
Auckland War Memorial Museum Tāmaki Paenga Hira,Auckland War Memorial Museum Tāmaki Paenga Hira YouTube,623,Use commercially,5,623
Auckland War Memorial Museum Tāmaki Paenga Hira,Cenotaph Database,184397,Modify,184397,184397
Auckland War Memorial Museum Tāmaki Paenga Hira,Cenotaph Database,184397,Share,184397,184397
Auckland War Memorial Museum Tāmaki Paenga Hira,Cenotaph Database,184397,Use commercially,184397,184397
Audio Foundation,Audio Foundation,168,All rights reserved,168,168
Audio Foundation,Audio Foundation YouTube,136,All rights reserved,136,136
AudioCulture,AudioCulture,1338,Modify,1338,1338
AudioCulture,AudioCulture,1338,Share,1338,1338
Australian National Maritime Museum,Australian National Maritime Museum Flickr,126,Modify,126,126
Australian National Maritime Museum,Australian National Maritime Museum Flickr,126,Share,126,126
Australian National Maritime Museum,Australian National Maritime Museum Flickr,126,Use commercially,126,126
Beacon Pathway Ltd,Beacon,308,All rights reserved,308,308
Bronwyn Holloway-Smith,Ghosts In The Form Of Gifts,10,Modify,10,10
Bronwyn Holloway-Smith,Ghosts In The Form Of Gifts,10,Share,10,10
Bronwyn Holloway-Smith,Ghosts In The Form Of Gifts,10,Use commercially,9,10
"Buller, Grey and Westland District Libraries",Kete West Coast,3740,Modify,2992,3740
"Buller, Grey and Westland District Libraries",Kete West Coast,3740,Share,2992,3740
"Buller, Grey and Westland District Libraries",Kete West Coast,3740,All rights reserved,748,3740
"Buller, Grey and Westland District Libraries",Kete West Coast,3740,Use commercially,452,3740
CORE Education,EDtalks,778,Share,778,778
Canterbury Museum,Canterbury Museum,68842,Unknown,52373,68842
Canterbury Museum,Canterbury Museum,68842,Modify,15766,68842
Canterbury Museum,Canterbury Museum,68842,Share,15766,68842
Canterbury Museum,Canterbury Museum,68842,Use commercially,15766,68842
Canterbury Museum,Canterbury Museum,68842,All rights reserved,703,68842
Central Otago Memory Bank,Central Otago Memory Bank,1116,All rights reserved,1116,1116
Centre for Housing Research Aotearoa New Zealand,Shared Repository,123,All rights reserved,123,123
Christchurch City Libraries,Christchurch City Libraries Flickr,36335,Share,32555,36335
Christchurch City Libraries,Christchurch City Libraries Flickr,36335,Modify,18847,36335
Christchurch City Libraries,Christchurch City Libraries Flickr,36335,All rights reserved,3780,36335
Christchurch City Libraries,Christchurch City Libraries Heritage Images Collection,7756,All rights reserved,7755,7755
Christchurch City Libraries,Matapihi,1611,All rights reserved,1611,1611
Christchurch uncovered,Christchurch uncovered,212,All rights reserved,212,212
Department of Building and Housing,Shared Repository,6,All rights reserved,5,6
Department of Building and Housing,Shared Repository,6,Modify,1,6
Department of Building and Housing,Shared Repository,6,Share,1,6
Department of Building and Housing,Shared Repository,6,Use commercially,1,6
Department of Conservation Te Papa Atawhai,Department of Conservation Te Papa Atawhai YouTube,806,Modify,444,806
Department of Conservation Te Papa Atawhai,Department of Conservation Te Papa Atawhai YouTube,806,Share,444,806
Department of Conservation Te Papa Atawhai,Department of Conservation Te Papa Atawhai YouTube,806,Use commercially,444,806
Department of Conservation Te Papa Atawhai,Department of Conservation Te Papa Atawhai YouTube,806,All rights reserved,362,806
Department of Internal Affairs,New Zealand Gazette,218771,Modify,218771,218771
Department of Internal Affairs,New Zealand Gazette,218771,Share,218771,218771
Department of Internal Affairs,New Zealand Gazette,218771,Use commercially,218771,218771
Deutsche Digitale Bibliothek,Deutsche Digitale Bibliothek,748,Share,492,748
Deutsche Digitale Bibliothek,Deutsche Digitale Bibliothek,748,Modify,450,748
Deutsche Digitale Bibliothek,Deutsche Digitale Bibliothek,748,Use commercially,436,748
Deutsche Digitale Bibliothek,Deutsche Digitale Bibliothek,748,All rights reserved,256,748
Digital Public Library of America,Digital Public Library of America,19922,All rights reserved,15554,19922
Digital Public Library of America,Digital Public Library of America,19922,Share,4368,19922
Digital Public Library of America,Digital Public Library of America,19922,Modify,4329,19922
Digital Public Library of America,Digital Public Library of America,19922,Use commercially,3941,19922
DigitalNZ,DigitalNZ Blog,207,Share,207,207
DigitalNZ,DigitalNZ Stories,6429,Unknown,6429,6429
DigitalNZ,DigitalNZ Website,53,Modify,53,53
DigitalNZ,DigitalNZ Website,53,Share,53,53
DigitalNZ,DigitalNZ Website,53,Use commercially,53,53
DigitalNZ,Make it Digital,23,Modify,23,23
DigitalNZ,Make it Digital,23,Share,23,23
DigitalNZ,Make it Digital,23,Use commercially,23,23
Directory of Open Access Journals,Directory of Open Access Journals,4104,Share,4021,4104
Directory of Open Access Journals,Directory of Open Access Journals,4104,Modify,3578,4104
Directory of Open Access Journals,Directory of Open Access Journals,4104,Use commercially,2942,4104
Directory of Open Access Journals,Directory of Open Access Journals,4104,All rights reserved,83,4104
Down to the Wire,Down to the Wire,22,Modify,22,22
Down to the Wire,Down to the Wire,22,Share,22,22
Down to the Wire,Down to the Wire YouTube,63,Modify,63,63
Down to the Wire,Down to the Wire YouTube,63,Share,63,63
Dunedin City Council Archives,Dunedin City Council Archives Flickr,1758,Modify,1758,1758
Dunedin City Council Archives,Dunedin City Council Archives Flickr,1758,Share,1758,1758
Dunedin City Council Archives,Dunedin City Council Archives Flickr,1758,Use commercially,1742,1758
Dunedin Public Art Gallery,Dunedin Public Art Gallery,5367,All rights reserved,5367,5367
Dunedin Public Libraries,He Purapura Marara Scattered Seeds,2001,Share,1901,2001
Dunedin Public Libraries,He Purapura Marara Scattered Seeds,2001,Modify,209,2001
Dunedin Public Libraries,He Purapura Marara Scattered Seeds,2001,Use commercially,198,2001
Dunedin Public Libraries,He Purapura Marara Scattered Seeds,2001,All rights reserved,100,2001
E-Tangata,E-Tangata,865,All rights reserved,865,865
Eastern Institute of Technology,Shared Repository,107,All rights reserved,107,107
Energy Efficiency and Conservation Authority,Energy Efficiency and Conservation Authority,68,All rights reserved,68,68
Feilding Library,Feilding Library,4062,Share,3791,4062
Feilding Library,Feilding Library,4062,Modify,1764,4062
Feilding Library,Feilding Library,4062,Use commercially,1319,4062
Feilding Library,Feilding Library,4062,Unknown,271,4062
FigShare,FigShare,4,Modify,4,4
FigShare,FigShare,4,Share,4,4
FigShare,FigShare,4,Use commercially,4,4
Figure.NZ,Figure.NZ,46308,Share,45427,46308
Figure.NZ,Figure.NZ,46308,Modify,45282,46308
Figure.NZ,Figure.NZ,46308,Use commercially,45119,46308
Figure.NZ,Figure.NZ,46308,Unknown,881,46308
Forest and Bird,Forest and Bird,76,All rights reserved,76,76
Forest and Bird,Forest and Bird YouTube,245,All rights reserved,245,245
Free Music Archive,Free Music Archive,5,Modify,5,5
Free Music Archive,Free Music Archive,5,Share,5,5
Free Music Archive,Free Music Archive,5,Use commercially,5,5
Freesound,Freesound,65,Modify,65,65
Freesound,Freesound,65,Share,65,65
Freesound,Freesound,65,Use commercially,55,65
Gisborne Photo News,Gisborne Photo News,14190,Share,14190,14190
Gus Fisher Gallery,Gus Fisher Gallery NZMuseums,96,All rights reserved,96,96
Hamilton City Libraries,Hamilton Heritage Collections,10795,All rights reserved,10795,10795
HathiTrust,HathiTrust Digital Library,2317,Share,2316,2317
HathiTrust,HathiTrust Digital Library,2317,Modify,2139,2317
HathiTrust,HathiTrust Digital Library,2317,Use commercially,724,2317
HathiTrust,HathiTrust Digital Library,2317,All rights reserved,1,2317
Hawke's Bay Knowledge Bank,Hawke's Bay Knowledge Bank,29536,Modify,29536,29536
Hawke's Bay Knowledge Bank,Hawke's Bay Knowledge Bank,29536,Share,29536,29536
Howick Historical Village,Howick Historical Village NZMuseums,10322,All rights reserved,9627,10322
Howick Historical Village,Howick Historical Village NZMuseums,10322,Modify,695,10322
Howick Historical Village,Howick Historical Village NZMuseums,10322,Share,695,10322
Howick Historical Village,Howick Historical Village NZMuseums,10322,Use commercially,695,10322
Hurunui District Libraries,Hurunui Kete,1521,Share,1500,1521
Hurunui District Libraries,Hurunui Kete,1521,Modify,1389,1521
Hurunui District Libraries,Hurunui Kete,1521,All rights reserved,21,1521
Hurunui District Libraries,Hurunui Kete,1521,Use commercially,2,1521
Hutt City Council,Hutt City Council Archives,15899,Modify,15899,15899
Hutt City Council,Hutt City Council Archives,15899,Share,15899,15899
Hutt City Council,Hutt City Council Archives,15899,Use commercially,15899,15899
Hutt City Libraries,The Hutt City Libraries Online Heritage Collection,794,Modify,794,794
Hutt City Libraries,The Hutt City Libraries Online Heritage Collection,794,Share,794,794
Hutt City Libraries,The Hutt City Libraries Online Heritage Collection,794,Use commercially,794,794
Institute of Environmental Science and Research Ltd (ESR),Public Health Surveillance reports,262,All rights reserved,262,262
Internet Archive,Internet Archive,3,Modify,3,3
Internet Archive,Internet Archive,3,Share,3,3
Internet Archive,Internet Archive,3,Use commercially,1,3
Isel House,Isel House NZMuseums,33,All rights reserved,33,33
John Kinder Theological Library,John Kinder Theological Library,9126,Modify,6740,8016
John Kinder Theological Library,John Kinder Theological Library,9126,Share,6740,8016
John Kinder Theological Library,John Kinder Theological Library,9126,Use commercially,6653,8016
John Kinder Theological Library,John Kinder Theological Library,9126,All rights reserved,1276,8016
Kawerau District Library,Kete Kawerau,589,Modify,561,589
Kawerau District Library,Kete Kawerau,589,Share,561,589
Kawerau District Library,Kete Kawerau,589,All rights reserved,28,589
Kent Palmer Art,Kent Palmer Art,89,Share,89,89
Kete Central Hawke's Bay,Kete Central Hawke's Bay,429,Modify,418,429
Kete Central Hawke's Bay,Kete Central Hawke's Bay,429,Share,418,429
Kete Central Hawke's Bay,Kete Central Hawke's Bay,429,Use commercially,167,429
Kete Central Hawke's Bay,Kete Central Hawke's Bay,429,All rights reserved,11,429
Kete Christchurch,Kete Christchurch,45055,Share,44862,45055
Kete Christchurch,Kete Christchurch,45055,Modify,42367,45055
Kete Christchurch,Kete Christchurch,45055,Use commercially,231,45055
Kete Christchurch,Kete Christchurch,45055,All rights reserved,193,45055
Kete Hauraki Coromandel,Kete Hauraki Coromandel,925,Modify,922,925
Kete Hauraki Coromandel,Kete Hauraki Coromandel,925,Share,922,925
Kete Hauraki Coromandel,Kete Hauraki Coromandel,925,Use commercially,11,925
Kete Hauraki Coromandel,Kete Hauraki Coromandel,925,All rights reserved,3,925
Kete Horowhenua,Kete Horowhenua,29386,Modify,27969,29386
Kete Horowhenua,Kete Horowhenua,29386,Share,27969,29386
Kete Horowhenua,Kete Horowhenua,29386,Unknown,1415,29386
Kete Horowhenua,Kete Horowhenua,29386,Use commercially,538,29386
Kete Horowhenua,Kete Horowhenua,29386,All rights reserved,2,29386
Kete King Country,Kete King Country,264,Modify,259,264
Kete King Country,Kete King Country,264,Share,259,264
Kete King Country,Kete King Country,264,Use commercially,14,264
Kete King Country,Kete King Country,264,All rights reserved,5,264
Kete Masterton,Kete Masterton,374,Modify,374,374
Kete Masterton,Kete Masterton,374,Share,374,374
Kete New Plymouth,Kete New Plymouth,33245,Share,28079,33245
Kete New Plymouth,Kete New Plymouth,33245,Unknown,5006,33245
Kete New Plymouth,Kete New Plymouth,33245,Modify,3381,33245
Kete New Plymouth,Kete New Plymouth,33245,All rights reserved,160,33245
Kete New Plymouth,Kete New Plymouth,33245,Use commercially,15,33245
Kete Rotorua,Kete Rotorua,4258,Modify,3247,4258
Kete Rotorua,Kete Rotorua,4258,Share,3247,4258
Kete Rotorua,Kete Rotorua,4258,All rights reserved,1011,4258
Kete Rotorua,Kete Rotorua,4258,Use commercially,35,4258
Kete Selwyn,Kete Selwyn,2815,Modify,2650,2815
Kete Selwyn,Kete Selwyn,2815,Share,2650,2815
Kete Selwyn,Kete Selwyn,2815,All rights reserved,165,2815
Kete Selwyn,Kete Selwyn,2815,Use commercially,1,2815
Kete Tararua,Kete Tararua,417,Modify,414,417
Kete Tararua,Kete Tararua,417,Share,414,417
Kete Tararua,Kete Tararua,417,All rights reserved,3,417
Kete Tasman,Kete Tasman,2053,Modify,1815,2053
Kete Tasman,Kete Tasman,2053,Share,1815,2053
Kete Tasman,Kete Tasman,2053,All rights reserved,238,2053
Kete Tasman,Kete Tasman,2053,Use commercially,3,2053
Kete Taupo,Kete Taupo,551,Modify,546,551
Kete Taupo,Kete Taupo,551,Share,546,551
Kete Taupo,Kete Taupo,551,All rights reserved,5,551
Kowai Archives,Kowai Archives NZMuseums,23,All rights reserved,23,23
LERNZdb,LERNZ Freshwater Database,1193,Modify,1193,1193
LERNZdb,LERNZ Freshwater Database,1193,Share,1193,1193
LERNZdb,LERNZ Freshwater Database,1193,Use commercially,1193,1193
Landcare Trust,Landcare Trust YouTube,77,All rights reserved,77,77
Landfall,Landfall Archive,4988,All rights reserved,4988,4988
Landfall,Landfall Review Online,705,All rights reserved,705,705
Laurie Family,WRD Laurie World War One Photographs,163,Modify,162,163
Laurie Family,WRD Laurie World War One Photographs,163,Share,162,163
Laurie Family,WRD Laurie World War One Photographs,163,Use commercially,162,163
Laurie Family,WRD Laurie World War One Photographs,163,All rights reserved,1,163
Lincoln University,Data@Lincoln,61,Share,61,61
Lincoln University,Data@Lincoln,61,Modify,60,61
Lincoln University,Data@Lincoln,61,Use commercially,55,61
Lincoln University,Landscape Review,258,Modify,258,258
Lincoln University,Landscape Review,258,Share,258,258
Lincoln University,Landscape Review,258,Use commercially,258,258
Lincoln University,Lincoln Planning Review,282,Modify,282,282
Lincoln University,Lincoln Planning Review,282,Share,282,282
Lincoln University,Lincoln University Living Heritage: Tikaka Tōku Iho,28845,Share,28060,28845
Lincoln University,Lincoln University Living Heritage: Tikaka Tōku Iho,28845,Modify,25093,28845
Lincoln University,Lincoln University Living Heritage: Tikaka Tōku Iho,28845,Use commercially,24501,28845
Lincoln University,Lincoln University Living Heritage: Tikaka Tōku Iho,28845,All rights reserved,785,28845
Lincoln University,Lincoln University Research Archive,6435,All rights reserved,5509,6435
Lincoln University,Lincoln University Research Archive,6435,Share,926,6435
Lincoln University,Lincoln University Research Archive,6435,Modify,676,6435
Lincoln University,Lincoln University Research Archive,6435,Use commercially,603,6435
Lincoln University,Lincoln University Resources for Education,302,All rights reserved,302,302
Lincoln University,Mahika Kai Journal,7,Modify,7,7
Lincoln University,Mahika Kai Journal,7,Share,7,7
Lincoln University,Mahika Kai Journal,7,Use commercially,7,7
Lost Christchurch,Lost Christchurch,133,All rights reserved,133,133
MOTAT,MOTAT,30749,All rights reserved,30749,30749
MTG Hawke's Bay,MTG Hawke's Bay,15633,Modify,12211,15633
MTG Hawke's Bay,MTG Hawke's Bay,15633,Share,12211,15633
MTG Hawke's Bay,MTG Hawke's Bay,15633,Use commercially,12211,15633
MTG Hawke's Bay,MTG Hawke's Bay,15633,All rights reserved,3400,15633
MTG Hawke's Bay,MTG Hawke's Bay,15633,Unknown,22,15633
Manaaki Whenua – Landcare Research,Flax Collection,54,Modify,54,54
Manaaki Whenua – Landcare Research,Flax Collection,54,Share,54,54
Manaaki Whenua – Landcare Research,Flax Collection,54,Use commercially,54,54
Manaaki Whenua – Landcare Research,Flora of New Zealand,1476,Modify,1471,1471
Manaaki Whenua – Landcare Research,Flora of New Zealand,1476,Share,1471,1471
Manaaki Whenua – Landcare Research,Flora of New Zealand,1476,Use commercially,1446,1471
Manaaki Whenua – Landcare Research,Landcare Research Digital Library,7960,All rights reserved,6030,7960
Manaaki Whenua – Landcare Research,Landcare Research Digital Library,7960,Share,1930,7960
Manaaki Whenua – Landcare Research,Landcare Research Digital Library,7960,Modify,1896,7960
Manaaki Whenua – Landcare Research,Landcare Research Digital Library,7960,Use commercially,1,7960
Manaaki Whenua – Landcare Research,NZFUNGI,8674,Modify,8315,8674
Manaaki Whenua – Landcare Research,NZFUNGI,8674,Share,8315,8674
Manaaki Whenua – Landcare Research,NZFUNGI,8674,Use commercially,6646,8674
Manaaki Whenua – Landcare Research,NZFUNGI,8674,All rights reserved,359,8674
Massey University,Massey Research Online,13730,All rights reserved,12329,12564
Massey University,Massey Research Online,13730,Share,235,12564
Massey University,Massey Research Online,13730,Modify,211,12564
Massey University,Massey Research Online,13730,Use commercially,186,12564
Massey University,Tāmiro,6910,Modify,6763,6910
Massey University,Tāmiro,6910,Share,6763,6910
Massey University,Tāmiro,6910,Use commercially,6762,6910
Massey University,Tāmiro,6910,All rights reserved,147,6910
Mataura Museum,Mataura Museum NZMuseums,3216,All rights reserved,3054,3216
Mataura Museum,Mataura Museum NZMuseums,3216,Modify,162,3216
Mataura Museum,Mataura Museum NZMuseums,3216,Share,162,3216
Mataura Museum,Mataura Museum NZMuseums,3216,Use commercially,162,3216
Ministry for Culture and Heritage,28th Māori Battalion Te Ope Taua 28,4266,All rights reserved,4266,4266
Ministry for Culture and Heritage,Dictionary of New Zealand Biography,8810,All rights reserved,4680,8810
Ministry for Culture and Heritage,Dictionary of New Zealand Biography,8810,Modify,4130,8810
Ministry for Culture and Heritage,Dictionary of New Zealand Biography,8810,Share,4130,8810
Ministry for Culture and Heritage,Ministry for Culture and Heritage History Group Flickr,50,Modify,38,50
Ministry for Culture and Heritage,Ministry for Culture and Heritage History Group Flickr,50,Share,38,50
Ministry for Culture and Heritage,Ministry for Culture and Heritage History Group Flickr,50,All rights reserved,12,50
Ministry for Culture and Heritage,Ministry for Culture and Heritage Manatu Taonga Flickr,2332,Share,2332,2332
Ministry for Culture and Heritage,Ministry for Culture and Heritage Manatu Taonga Flickr,2332,Use commercially,2332,2332
Ministry for Culture and Heritage,Ministry for Culture and Heritage Te Ara Flickr,16656,All rights reserved,13726,16656
Ministry for Culture and Heritage,Ministry for Culture and Heritage Te Ara Flickr,16656,Share,2930,16656
Ministry for Culture and Heritage,Ministry for Culture and Heritage Te Ara Flickr,16656,Modify,738,16656
Ministry for Culture and Heritage,Ministry for Culture and Heritage Te Ara Flickr,16656,Use commercially,329,16656
Ministry for Culture and Heritage,NZHistory,19322,Modify,11419,19322
Ministry for Culture and Heritage,NZHistory,19322,Share,11419,19322
Ministry for Culture and Heritage,NZHistory,19322,All rights reserved,7903,19322
Ministry for Culture and Heritage,NZHistory - South African War soldiers,6370,Modify,6370,6370
Ministry for Culture and Heritage,NZHistory - South African War soldiers,6370,Share,6370,6370
Ministry for Culture and Heritage,NZHistory - Suffrage petition signatories,24603,Modify,24603,24603
Ministry for Culture and Heritage,NZHistory - Suffrage petition signatories,24603,Share,24603,24603
Ministry for Culture and Heritage,Perspectives,1,Modify,1,1
Ministry for Culture and Heritage,Perspectives,1,Share,1,1
Ministry for Culture and Heritage,QuakeStories,720,Modify,720,720
Ministry for Culture and Heritage,QuakeStories,720,Share,720,720
Ministry for Culture and Heritage,Roadside Stories,158,All rights reserved,158,158
Ministry for Culture and Heritage,Te Ara - The Encyclopedia of New Zealand,35183,All rights reserved,25341,35183
Ministry for Culture and Heritage,Te Ara - The Encyclopedia of New Zealand,35183,Share,9842,35183
Ministry for Culture and Heritage,Te Ara - The Encyclopedia of New Zealand,35183,Modify,9814,35183
Ministry for Culture and Heritage,Te Ara - The Encyclopedia of New Zealand,35183,Use commercially,1031,35183
Ministry for Culture and Heritage,The Encyclopedia of New Zealand 1966,6086,Modify,3943,6086
Ministry for Culture and Heritage,The Encyclopedia of New Zealand 1966,6086,Share,3943,6086
Ministry for Culture and Heritage,The Encyclopedia of New Zealand 1966,6086,All rights reserved,2143,6086
Ministry for Culture and Heritage,WW100 YouTube,71,All rights reserved,71,71
Ministry for the Environment,Ministry for the Environment Publications,1159,All rights reserved,1159,1159
Ministry of Fisheries Te Tautiaki i nga tini a Tangaroa,NABIS,652,All rights reserved,652,652
Ministry of Health,HealthEd Health Resources,1,All rights reserved,1,1
Ministry of Health,Ministry of Health Publications,1669,All rights reserved,1669,1669
Ministry of Health,Public Health Surveillance reports,262,All rights reserved,262,262
Ministry of Tourism Te Manatū Tāpoi,Tourism Research,105,All rights reserved,105,105
Mix & Mash 2011,Mix & Mash Literacy Category Content,16,Modify,16,16
Mix & Mash 2011,Mix & Mash Literacy Category Content,16,Share,16,16
Mix & Mash 2011,Mix & Mash Literacy Category Content,16,Use commercially,3,16
Motu Economic and Public Policy Research,Motu Economic and Public Policy Research,784,All rights reserved,784,784
Museum of New Zealand Te Papa Tongarewa,Museum of New Zealand Te Papa Tongarewa YouTube,707,All rights reserved,629,630
Museum of New Zealand Te Papa Tongarewa,Museum of New Zealand Te Papa Tongarewa YouTube,707,Modify,1,630
Museum of New Zealand Te Papa Tongarewa,Museum of New Zealand Te Papa Tongarewa YouTube,707,Share,1,630
Museum of New Zealand Te Papa Tongarewa,Museum of New Zealand Te Papa Tongarewa YouTube,707,Use commercially,1,630
Museum of New Zealand Te Papa Tongarewa,Te Papa Collections Online,205169,All rights reserved,109309,205169
Museum of New Zealand Te Papa Tongarewa,Te Papa Collections Online,205169,Share,95860,205169
Museum of New Zealand Te Papa Tongarewa,Te Papa Collections Online,205169,Modify,78388,205169
Museum of New Zealand Te Papa Tongarewa,Te Papa Collections Online,205169,Use commercially,78346,205169
Museums Victoria,Museums Victoria,2463,Modify,1946,2463
Museums Victoria,Museums Victoria,2463,Share,1946,2463
Museums Victoria,Museums Victoria,2463,Use commercially,1946,2463
Museums Victoria,Museums Victoria,2463,All rights reserved,517,2463
NIWA,NIWA YouTube,383,All rights reserved,310,383
NIWA,NIWA YouTube,383,Modify,73,383
NIWA,NIWA YouTube,383,Share,73,383
NIWA,NIWA YouTube,383,Use commercially,73,383
NZ Musician,NZ Musician,1003,All rights reserved,1003,1003
NZ On Screen,NZ On Screen,5556,All rights reserved,5119,5511
NZ On Screen,NZ On Screen,5556,Modify,392,5511
NZ On Screen,NZ On Screen,5556,Share,392,5511
NZEI Te Riu Roa (New Zealand Educational Institute),NZEI Heritage,5126,All rights reserved,3322,5126
NZEI Te Riu Roa (New Zealand Educational Institute),NZEI Heritage,5126,Share,1804,5126
NZEI Te Riu Roa (New Zealand Educational Institute),NZEI Heritage,5126,Modify,1802,5126
NZEI Te Riu Roa (New Zealand Educational Institute),NZEI Heritage,5126,Use commercially,1,5126
National Army Museum,National Army Museum,14035,Share,11918,14035
National Army Museum,National Army Museum,14035,All rights reserved,2117,14035
National Library of Australia,Digital Collections (Pictures),1762,All rights reserved,1762,1762
National Library of New Zealand,AnyQuestions,216,All rights reserved,216,216
National Library of New Zealand,AtoJsOnline,6747,Modify,6747,6747
National Library of New Zealand,AtoJsOnline,6747,Share,6747,6747
National Library of New Zealand,AtoJsOnline,6747,Use commercially,6747,6747
National Library of New Zealand,Canterbury Earthquake and Rebuild - Archived websites,135,All rights reserved,135,135
National Library of New Zealand,National Library of New Zealand Catalogue,97063,All rights reserved,97063,97063
National Library of New Zealand,National Library of New Zealand YouTube,130,Modify,110,130
National Library of New Zealand,National Library of New Zealand YouTube,130,Share,110,130
National Library of New Zealand,National Library of New Zealand YouTube,130,Use commercially,110,130
National Library of New Zealand,National Library of New Zealand YouTube,130,All rights reserved,20,130
National Library of New Zealand,Papers Past,26122911,Modify,24453026,26122911
National Library of New Zealand,Papers Past,26122911,Share,24453026,26122911
National Library of New Zealand,Papers Past,26122911,Use commercially,21117061,26122911
National Library of New Zealand,Papers Past,26122911,All rights reserved,1669885,26122911
NatureWatch NZ,NatureWatch NZ,1,Modify,1,1
NatureWatch NZ,NatureWatch NZ,1,Share,1,1
Nelson Photo News,Nelson Photo News,8222,Share,8222,8222
Nelson Provincial Museum,Nelson Provincial Museum,153109,All rights reserved,153109,153109
Nelson Provincial Museum,WW1 Profiles,73,All rights reserved,73,73
New Zealand Book Council,New Zealand Book Council,505,All rights reserved,505,505
New Zealand Cricket Museum,New Zealand Cricket Museum,1004,All rights reserved,1004,1004
New Zealand Electronic Text Collection,New Zealand Electronic Text Collection,42009,Share,28547,42009
New Zealand Electronic Text Collection,New Zealand Electronic Text Collection,42009,Modify,28313,42009
New Zealand Electronic Text Collection,New Zealand Electronic Text Collection,42009,Use commercially,28071,42009
New Zealand Electronic Text Collection,New Zealand Electronic Text Collection,42009,Unknown,8406,42009
New Zealand Electronic Text Collection,New Zealand Electronic Text Collection,42009,All rights reserved,5056,42009
New Zealand Fashion Museum,New Zealand Fashion Museum,1955,Modify,1045,1955
New Zealand Fashion Museum,New Zealand Fashion Museum,1955,Share,1045,1955
New Zealand Fashion Museum,New Zealand Fashion Museum,1955,All rights reserved,910,1955
New Zealand Film Commission,NZ On Screen,352,All rights reserved,352,352
New Zealand Journal of Forestry Science,New Zealand Journal of Forestry Science,94,Modify,53,94
New Zealand Journal of Forestry Science,New Zealand Journal of Forestry Science,94,Share,53,94
New Zealand Journal of Forestry Science,New Zealand Journal of Forestry Science,94,Use commercially,53,94
New Zealand Journal of Forestry Science,New Zealand Journal of Forestry Science,94,All rights reserved,41,94
New Zealand Maritime Museum,New Zealand Maritime Museum,1150,All rights reserved,1150,1150
New Zealand Medical Association,The New Zealand Medical Journal,3491,All rights reserved,3491,3491
New Zealand Plant Conservation Network,NZPCN E-Newsletters,196,All rights reserved,196,196
New Zealand Plant Conservation Network,New Zealand Plant Conservation Network,3323,All rights reserved,3323,3323
New Zealand Plant Conservation Network,New Zealand Regional Botanical Society Journals,2841,All rights reserved,2841,2841
New Zealand Portrait Gallery Te Pūkenga Whakaata,New Zealand Portrait Gallery NZMuseums,209,All rights reserved,209,209
New Zealand Taxation,New Zealand Taxation,723,All rights reserved,723,723
New Zealand Tertiary College,He Kupu,205,All rights reserved,205,205
New Zealand Tertiary College,Shared Repository,13,All rights reserved,13,13
Nga Manu Nature Reserve,Nga Manu Nature Reserve Flickr,851,All rights reserved,593,851
Nga Manu Nature Reserve,Nga Manu Nature Reserve Flickr,851,Share,258,851
Ngā Pae o te Māramatanga,MAI Journal,181,All rights reserved,181,181
Ngā Pae o te Māramatanga,Ngā Pae o te Māramatanga Media Centre,320,All rights reserved,320,320
Ngā Taonga Sound & Vision,Ngā Taonga Sound & Vision,7726,All rights reserved,7726,7726
Open Polytechnic,Open Polytechnic Repository,1742,All rights reserved,1742,1742
Otago Medical School Alumni Association,OMSAA Historical Artefacts,2302,All rights reserved,2302,2302
Our Wāhine,Our Wāhine,70,All rights reserved,70,70
PSA Journal,PSA Journal,1044,All rights reserved,1044,1044
Palmerston North City Library,Manawatū Heritage,18259,Share,14106,18259
Palmerston North City Library,Manawatū Heritage,18259,Modify,14099,18259
Palmerston North City Library,Manawatū Heritage,18259,Use commercially,12560,18259
Palmerston North City Library,Manawatū Heritage,18259,All rights reserved,4153,18259
Paul Spain,NZ Business Podcast,55,All rights reserved,55,55
Paul Spain,NZ Digital Podcast,10,All rights reserved,10,10
Paul Spain,NZ Tech Podcast,554,All rights reserved,554,554
Picture Australia,Digital Collections (Pictures),1762,All rights reserved,1762,1762
Plant & Food Research,Plant & Food Research YouTube,157,All rights reserved,157,157
Play It Strange,Play It Strange,754,All rights reserved,754,754
Powerhouse Museum,Powerhouse Museum,300,All rights reserved,300,300
Presbyterian Church of Aotearoa New Zealand,Presbyterian Research Centre,12276,Share,12276,12276
Presbyterian Church of Aotearoa New Zealand,Presbyterian Research Centre,12276,Modify,5,12276
Productivity Commission,Shared Repository,5,Modify,5,5
Productivity Commission,Shared Repository,5,Share,5,5
Productivity Commission,Shared Repository,5,Use commercially,5,5
Public Address,Public Address,5795,All rights reserved,5795,5795
Puke Ariki,Puke Ariki,141428,All rights reserved,141428,141428
Radio New Zealand,Radio New Zealand,738524,All rights reserved,738524,738524
Radio New Zealand,Radio New Zealand YouTube,5245,All rights reserved,5245,5245
Radio New Zealand,The Wireless,3646,All rights reserved,3646,3646
Radio New Zealand,The Wireless YouTube,479,All rights reserved,479,479
Raglan and District Museum,Raglan and District Museum NZMuseums,210,All rights reserved,210,210
Remuera Heritage,Remuera Heritage,295,Share,295,295
Reserve Bank of New Zealand,Reserve Bank of New Zealand,1738,All rights reserved,1738,1738
Reserve Bank of New Zealand,Reserve Bank of New Zealand NZMuseums,289,All rights reserved,289,289
Rotorua Museum of Art & History Te Whare Taonga o Te Arawa,Rotorua Museum of Art & History Te Whare Taonga o Te Arawa NZMuseums,290,All rights reserved,290,290
SOUNZ,SOUNZ,22944,All rights reserved,22944,22944
SPARC,Shared Repository,4,All rights reserved,4,4
Sarjeant Gallery Te Whare o Rehua Whanganui,Sarjeant Gallery Te Whare o Rehua Whanganui,4126,All rights reserved,2265,4126
Sarjeant Gallery Te Whare o Rehua Whanganui,Sarjeant Gallery Te Whare o Rehua Whanganui,4126,Modify,1861,4126
Sarjeant Gallery Te Whare o Rehua Whanganui,Sarjeant Gallery Te Whare o Rehua Whanganui,4126,Share,1861,4126
Sarjeant Gallery Te Whare o Rehua Whanganui,Sarjeant Gallery Te Whare o Rehua Whanganui,4126,Use commercially,1861,4126
Science Learning Hub,Science Learning Hub,4315,All rights reserved,4315,4315
Science Media Centre,Sciblogs,12704,All rights reserved,12704,12704
Science Media Centre,Science Media Centre,813,All rights reserved,813,813
Shantytown,Shantytown NZMuseums,21,All rights reserved,21,21
Silky Oak Museum,Silky Oak Museum NZMuseums,20,All rights reserved,20,20
Social Wellbeing Agency,The Hub,3817,Share,3817,3817
South Canterbury Museum,South Canterbury Museum,18126,Share,18126,18126
Stardome Observatory & Planetarium,Stardome Education Resources,67,Modify,67,67
Stardome Observatory & Planetarium,Stardome Education Resources,67,Share,67,67
Stardome Observatory & Planetarium,Stardome Education Resources,67,Use commercially,67,67
State Library of New South Wales,State Library of New South Wales Flickr,159,Modify,159,159
State Library of New South Wales,State Library of New South Wales Flickr,159,Share,159,159
State Library of New South Wales,State Library of New South Wales Flickr,159,Use commercially,159,159
State Library of Victoria,State Library of Victoria,1229,Modify,796,856
State Library of Victoria,State Library of Victoria,1229,Share,796,856
State Library of Victoria,State Library of Victoria,1229,Use commercially,796,856
State Library of Victoria,State Library of Victoria,1229,All rights reserved,48,856
State Library of Victoria,State Library of Victoria,1229,Unknown,12,856
TBHP Collective Holiday Memories,Collective Holiday Memories,50,All rights reserved,50,50
TV3,Newshub,31291,All rights reserved,31291,31291
TV3,tv3.co.nz,3684,All rights reserved,3684,3684
Tauranga City Libraries,Tauranga Memories,14842,Share,14823,14842
Tauranga City Libraries,Tauranga Memories,14842,Modify,10619,14842
Tauranga City Libraries,Tauranga Memories,14842,Use commercially,770,14842
Tauranga City Libraries,Tauranga Memories,14842,All rights reserved,19,14842
Te Aroha & Districts Museum,Te Aroha & Districts Museum NZMuseums,46,All rights reserved,46,46
Te Awamutu Online,Te Awamutu TV YouTube,163,All rights reserved,163,163
Te Ipukarea Research Institute,Te Ipukarea Research Institute - YouTube,94,All rights reserved,94,94
Te Manawa,Te Manawa NZMuseums,76,All rights reserved,76,76
Te Puni Kōkiri,Te Puni Kōkiri,316,All rights reserved,316,316
Television New Zealand,TVNZ,65271,All rights reserved,65271,65271
Television New Zealand,TVNZ OnDemand,5781,All rights reserved,5781,5781
The British Library,The British Library Flickr,2819,Modify,2819,2819
The British Library,The British Library Flickr,2819,Share,2819,2819
The British Library,The British Library Flickr,2819,Use commercially,2819,2819
The Dowse Art Museum,Shared Repository,50,All rights reserved,40,50
The Dowse Art Museum,Shared Repository,50,Modify,10,50
The Dowse Art Museum,Shared Repository,50,Share,10,50
The National Archives UK,The National Archives UK Flickr,100,Modify,100,100
The National Archives UK,The National Archives UK Flickr,100,Share,100,100
The National Archives UK,The National Archives UK Flickr,100,Use commercially,100,100
The New Zealand Nursing Education and Research Foundation,Nursing Education and Research Foundation - Nursing Oral Histories in NZ,308,Modify,308,308
The New Zealand Nursing Education and Research Foundation,Nursing Education and Research Foundation - Nursing Oral Histories in NZ,308,Share,308,308
The Phoenix Project,The Phoenix Project,62,All rights reserved,62,62
The Prow: ngā kōrero o te tau ihu,TheProw.org.nz,735,Share,735,735
The Spinoff,The Spinoff,18433,All rights reserved,18433,18433
The Treasury,National Infrastructure Unit,1,All rights reserved,1,1
The Treasury,The Treasury,535,All rights reserved,535,535
The University of Auckland Library,Anthropology Photographic Archive,53902,Share,44182,53902
The University of Auckland Library,Anthropology Photographic Archive,53902,All rights reserved,9720,53902
The University of Auckland Library,Archive of Māori and Pacific Music,662,Modify,662,662
The University of Auckland Library,Archive of Māori and Pacific Music,662,Share,662,662
The University of Auckland Library,Early New Zealand Books,5313,All rights reserved,5313,5313
The University of Auckland Library,Early New Zealand Statutes,7476,Modify,7476,7476
The University of Auckland Library,Early New Zealand Statutes,7476,Share,7476,7476
The University of Auckland Library,History of the University of Auckland,22400,Share,22320,22400
The University of Auckland Library,History of the University of Auckland,22400,All rights reserved,80,22400
The University of Auckland Library,Journal of the Polynesian Society,4745,All rights reserved,4745,4745
The University of Auckland Library,New Zealand Journal of History,2134,All rights reserved,2134,2134
The University of Auckland Library,ResearchSpace@Auckland,34178,All rights reserved,27133,34178
The University of Auckland Library,ResearchSpace@Auckland,34178,Share,7045,34178
The University of Auckland Library,ResearchSpace@Auckland,34178,Modify,5549,34178
The University of Auckland Library,ResearchSpace@Auckland,34178,Use commercially,2587,34178
The University of Auckland Library,The Bookshelf,4195,All rights reserved,4195,4195
Toitū Otago Settlers Museum,Toitū Otago Settlers Museum,50,All rights reserved,50,50
Toitū Otago Settlers Museum,Toitū Otago Settlers Museum NZMuseums,150,Modify,150,150
Toitū Otago Settlers Museum,Toitū Otago Settlers Museum NZMuseums,150,Share,150,150
Toitū Otago Settlers Museum,Toitū Otago Settlers Museum NZMuseums,150,Use commercially,150,150
Torpedo Bay Navy Museum,Navy Museum Medal Collection,186,All rights reserved,186,186
Tourism New Zealand,Tourism New Zealand,55,All rights reserved,55,55
Tourism New Zealand,Tourism New Zealand YouTube,673,All rights reserved,673,673
Trove,Trove,83289,All rights reserved,79907,83289
Trove,Trove,83289,Share,3382,83289
Trove,Trove,83289,Modify,3351,83289
Trove,Trove,83289,Use commercially,2488,83289
Tusk - Emergent Culture,Tusk - Emergent Culture,308,All rights reserved,308,308
UC Department of Art History and Theory,Illumination & Commemoration,123,Modify,123,123
UC Department of Art History and Theory,Illumination & Commemoration,123,Share,123,123
UC Department of Art History and Theory,Illumination & Commemoration,123,Use commercially,123,123
UC QuakeStudies,Becker Fraser Earthquake Photographs,12564,Modify,12564,12564
UC QuakeStudies,Becker Fraser Earthquake Photographs,12564,Share,12564,12564
UC QuakeStudies,QuakeStudies Repository,128977,All rights reserved,103034,128977
UC QuakeStudies,QuakeStudies Repository,128977,Share,25922,128977
UC QuakeStudies,QuakeStudies Repository,128977,Modify,10993,128977
UC QuakeStudies,QuakeStudies Repository,128977,Use commercially,1622,128977
UC QuakeStudies,QuakeStudies Repository,128977,Unknown,21,128977
UCOL Universal College of Learning,Shared Repository,9,All rights reserved,9,9
Unitec,Unitec Research Bank,3444,All rights reserved,3149,3444
Unitec,Unitec Research Bank,3444,Share,295,3444
Unitec,Unitec Research Bank,3444,Modify,154,3444
Unitec,Unitec Research Bank,3444,Use commercially,100,3444
University of Canterbury,The Rutherford Journal,32,All rights reserved,32,32
University of Canterbury Library,UC Research Repository,17740,All rights reserved,16697,17740
University of Canterbury Library,UC Research Repository,17740,Share,1043,17740
University of Canterbury Library,UC Research Repository,17740,Modify,1012,17740
University of Canterbury Library,UC Research Repository,17740,Use commercially,980,17740
University of Canterbury Library,University of Canterbury Digital Library,124,All rights reserved,124,124
University of Otago,Hocken Collections YouTube,60,All rights reserved,59,60
University of Otago,Hocken Collections YouTube,60,Modify,1,60
University of Otago,Hocken Collections YouTube,60,Share,1,60
University of Otago,Hocken Collections YouTube,60,Use commercially,1,60
University of Otago,Hocken Snapshop,32993,All rights reserved,32993,32993
University of Otago,Marsden Online Archive,599,Modify,599,599
University of Otago,Marsden Online Archive,599,Share,599,599
University of Otago,Media Studies 101,49,Modify,49,49
University of Otago,Media Studies 101,49,Share,49,49
University of Otago,Media Studies 101,49,Use commercially,49,49
University of Otago,Otago University Research Archive,9054,All rights reserved,8271,9054
University of Otago,Otago University Research Archive,9054,Share,783,9054
University of Otago,Otago University Research Archive,9054,Modify,377,9054
University of Otago,Otago University Research Archive,9054,Use commercially,302,9054
University of Otago,Otago University Research Heritage,4968,All rights reserved,4968,4968
University of Otago,Patterns for Fabric Anatomy Teaching Models,6,Modify,6,6
University of Otago,Patterns for Fabric Anatomy Teaching Models,6,Share,6,6
University of Otago,Special Collection's Incunabula,38,Modify,38,38
University of Otago,Special Collection's Incunabula,38,Share,38,38
University of Otago,Special Collection's Incunabula,38,Use commercially,38,38
University of Otago,University of Otago Library Exhibitions,25,All rights reserved,25,25
University of Waikato,Bishop Selwyn Collection of Early Māori Documents,180,Share,180,180
University of Waikato,British Parliamentary Papers,45,Modify,45,45
University of Waikato,British Parliamentary Papers,45,Share,45,45
University of Waikato,British Parliamentary Papers,45,Use commercially,45,45
University of Waikato,Conrad Coker papers,1,All rights reserved,1,1
University of Waikato,Historical Maps of the Waikato Region,237,Share,237,237
University of Waikato,Historical Photos of Waikato Rugby,75,Share,75,75
University of Waikato,Historical Photos of the Waikato and New Zealand,597,Share,597,597
University of Waikato,Illustrated London News: New Zealand,1963,Share,1963,1963
University of Waikato,Māori Postcards ca. 1890-1940,146,Share,146,146
University of Waikato,Publications,3,Share,3,3
University of Waikato,ResearchCommons@Waikato,12433,All rights reserved,11868,12431
University of Waikato,ResearchCommons@Waikato,12433,Share,563,12431
University of Waikato,ResearchCommons@Waikato,12433,Modify,511,12431
University of Waikato,ResearchCommons@Waikato,12433,Use commercially,379,12431
University of Waikato,Waikato Region Postcards,157,Share,157,157
University of Waikato,Waikato University Campus Photos,100,Share,100,100
Upper Hutt City Library,Historic Graffiti at Trentham Ranges,4485,All rights reserved,4485,4485
Upper Hutt City Library,Upper Hutt City Library Heritage Collections,27685,Share,24199,27685
Upper Hutt City Library,Upper Hutt City Library Heritage Collections,27685,Modify,24192,27685
Upper Hutt City Library,Upper Hutt City Library Heritage Collections,27685,All rights reserved,3486,27685
Upper Hutt City Library,Upper Hutt City Library Heritage Collections,27685,Use commercially,94,27685
Upper Hutt City Library,Upper Hutt Newspaper Archive,51184,Unknown,51184,51184
V.C. Browne & Son,V.C. Browne & Son NZ Aerial Photograph Collection,31461,All rights reserved,26870,31461
V.C. Browne & Son,V.C. Browne & Son NZ Aerial Photograph Collection,31461,Modify,4590,31461
V.C. Browne & Son,V.C. Browne & Son NZ Aerial Photograph Collection,31461,Share,4590,31461
V.C. Browne & Son,V.C. Browne & Son NZ Aerial Photograph Collection,31461,Use commercially,4590,31461
V.C. Browne & Son,V.C. Browne & Son NZ Aerial Photograph Collection,31461,Unknown,1,31461
Victoria University of Wellington,Archives@Victoria,271,All rights reserved,271,271
Victoria University of Wellington,New Zealand Electronic Text Collection,180504,Share,95503,180504
Victoria University of Wellington,New Zealand Electronic Text Collection,180504,Modify,95378,180504
Victoria University of Wellington,New Zealand Electronic Text Collection,180504,Use commercially,94014,180504
Victoria University of Wellington,New Zealand Electronic Text Collection,180504,All rights reserved,85000,180504
Victoria University of Wellington,New Zealand Electronic Text Collection,180504,Unknown,1,180504
Victoria University of Wellington,Open Access Victoria University of Wellington,1062,Share,748,1062
Victoria University of Wellington,Open Access Victoria University of Wellington,1062,All rights reserved,314,1062
Victoria University of Wellington,Open Access Victoria University of Wellington,1062,Modify,24,1062
Victoria University of Wellington,Open Access Victoria University of Wellington,1062,Use commercially,23,1062
Victoria University of Wellington,VUW ResearchArchive,9003,All rights reserved,8216,9003
Victoria University of Wellington,VUW ResearchArchive,9003,Share,787,9003
Victoria University of Wellington,VUW ResearchArchive,9003,Modify,423,9003
Victoria University of Wellington,VUW ResearchArchive,9003,Use commercially,317,9003
Victoria and Albert Museum,Victoria and Albert Museum,421,All rights reserved,421,421
Waikato Museum Te Whare Taonga o Waikato,Waikato Museum Te Whare Taonga o Waikato,5857,All rights reserved,5857,5857
Waikato Museum Te Whare Taonga o Waikato,Waikato Museum Te Whare Taonga o Waikato YouTube,80,All rights reserved,74,74
Waimakariri District Libraries,Kete Waimakariri,599,Modify,599,599
Waimakariri District Libraries,Kete Waimakariri,599,Share,599,599
Waimate Museum and Archives,Waimate Museum and Archives NZMuseums,181,Modify,181,181
Waimate Museum and Archives,Waimate Museum and Archives NZMuseums,181,Share,181,181
Waimate Museum and Archives,Waimate Museum and Archives NZMuseums,181,Use commercially,86,181
Waimate Museum and Archives,Waimate Museum and Archives PastPerfect,4795,Share,4795,4795
Wairarapa Archive,Picture Wairarapa,24238,Modify,24238,24238
Wairarapa Archive,Picture Wairarapa,24238,Share,24238,24238
Wairarapa Archive,Picture Wairarapa,24238,Use commercially,24238,24238
Wairarapa Library Service,Wairarapa Library Service Kete,723,Modify,582,723
Wairarapa Library Service,Wairarapa Library Service Kete,723,Share,582,723
Wairarapa Library Service,Wairarapa Library Service Kete,723,Use commercially,537,723
Wairarapa Library Service,Wairarapa Library Service Kete,723,All rights reserved,141,723
Waitaki District Council,Culture Waitaki,7586,Modify,7514,7586
Waitaki District Council,Culture Waitaki,7586,Share,7514,7586
Waitaki District Council,Culture Waitaki,7586,Use commercially,7514,7586
Waitaki District Council,Culture Waitaki,7586,All rights reserved,72,7586
Waitaki Museum & Archive,Waitaki Museum & Archive NZMuseums,17,Modify,17,17
Waitaki Museum & Archive,Waitaki Museum & Archive NZMuseums,17,Share,17,17
Waitaki Museum & Archive,Waitaki Museum & Archive NZMuseums,17,Use commercially,17,17
Waitangi Tribunal,Waitangi Tribunal,176,All rights reserved,176,176
Waitangi Tribunal Unit,Shared Repository,58,Share,58,58
Wallace Arts Trust,The James Wallace Arts Trust,9113,All rights reserved,9113,9113
Wanganui Collegiate School Museum,Wanganui Collegiate School Museum NZMuseums,283,All rights reserved,203,283
Wanganui Collegiate School Museum,Wanganui Collegiate School Museum NZMuseums,283,Modify,80,283
Wanganui Collegiate School Museum,Wanganui Collegiate School Museum NZMuseums,283,Share,80,283
Wanganui Collegiate School Museum,Wanganui Collegiate School Museum NZMuseums,283,Use commercially,80,283
Wellington City Council,Shared Repository,34,All rights reserved,34,34
Wellington City Libraries,The Cuba Street Memories Project,250,All rights reserved,205,250
Wellington City Libraries,The Cuba Street Memories Project,250,Share,45,250
Wellington City Libraries,The Cuba Street Memories Project,250,Modify,17,250
Wellington City Libraries,The Cuba Street Memories Project,250,Use commercially,9,250
Western Bay District Council,Western Bay Community Archives,849,Share,603,849
Western Bay District Council,Western Bay Community Archives,849,All rights reserved,246,849
Western Bay District Council,Western Bay Community Archives,849,Modify,134,849
Western Bay District Council,Western Bay Community Archives,849,Use commercially,100,849
Whanganui Regional Museum,Whanganui Regional Museum NZMuseums,33,All rights reserved,33,33
Whangarei Libraries,Whangarei Libraries,2662,All rights reserved,2662,2662
Whitireia Community Polytechnic,Shared Repository,35,All rights reserved,35,35
Wikipedia,Wikipedia,14020,Modify,14020,14020
Wikipedia,Wikipedia,14020,Share,14020,14020
Wikipedia,Wikipedia,14020,Use commercially,14020,14020
Young Ocean Explorers,Young Ocean Explorers,289,All rights reserved,289,289
data.govt.nz,data.govt.nz,27418,Share,22049,27418
data.govt.nz,data.govt.nz,27418,Modify,21994,27418
data.govt.nz,data.govt.nz,27418,Use commercially,21941,27418
data.govt.nz,data.govt.nz,27418,All rights reserved,4449,27418
data.govt.nz,data.govt.nz,27418,Unknown,920,27418
eqnz.chch.2010,Flickr,6111,Share,4236,6111
eqnz.chch.2010,Flickr,6111,Modify,4006,6111
eqnz.chch.2010,Flickr,6111,All rights reserved,1875,6111
eqnz.chch.2010,Flickr,6111,Use commercially,259,6111
iNaturalist NZ — Mātaki Taiao,iNaturalist NZ — Mātaki Taiao,527674,Share,476319,527674
iNaturalist NZ — Mātaki Taiao,iNaturalist NZ — Mātaki Taiao,527674,Modify,467782,527674
iNaturalist NZ — Mātaki Taiao,iNaturalist NZ — Mātaki Taiao,527674,Use commercially,172943,527674
iNaturalist NZ — Mātaki Taiao,iNaturalist NZ — Mātaki Taiao,527674,All rights reserved,51355,527674
mychillybin,mychillybin.co.nz,30553,All rights reserved,30553,30553
